group,t_start_beijing,t_end_beijing,n_valid,rem_start,rem_end,mean_dm_hz,shift_a,YbSr_R,y_i_1e18
1,2026-06-29T10:06:29,2026-06-30T04:59:57,68009,1,1,-0.025398,-1.720082e-16,1.2075070393433377209511392342884451167413791027221712598810109303259159213121598,0.0000000
2,2026-06-30T12:00:05,2026-06-30T20:11:25,29481,4,0,-0.024746,-1.719926e-16,1.2075070393433377168992818933124409190777392624032019146618536495344814729796727,-3.3555559
3,2026-07-01T15:58:43,2026-07-02T03:53:33,42891,2,1,-0.025789,-1.720365e-16,1.2075070393433377233626044649502188658374878906053730871566339887393403205960126,1.9970610
4,2026-07-02T14:00:01,2026-07-03T07:51:20,64280,0,0,-0.024502,-1.719901e-16,1.2075070393433377153827635697190501807905134565653301247212885373141365587119085,-4.6114644
5,2026-07-03T17:34:22,2026-07-03T22:59:53,19532,0,6,-0.024747,-1.720215e-16,1.2075070393433377168737684518941177389190801993671231740183622341423389689396841,-3.3766849
6,2026-07-04T19:30:47,2026-07-05T09:59:46,52140,1,13,-0.025168,-1.719710e-16,1.2075070393433377195621542484387407265486177472445479819794505525533874827238433,-1.1502914
7,2026-07-05T13:00:32,2026-07-05T23:59:17,39526,31,42,-0.026376,-1.717544e-16,1.2075070393433377273671640754368209024391600208629923382142295448148275995775965,5.3134472
8,2026-07-06T21:45:49,2026-07-07T09:51:53,43565,33,4,-0.025530,-1.717273e-16,1.2075070393433377221180203871939504920833012108050915036704423261148987073611873,0.9663556
9,2026-08-07T15:15:03,2026-08-07T21:29:58,22496,3,1,-0.009102,-8.134420e-17,1.2075070393433377286864794151210833199242319298349516116755831385941802746065942,6.4060415
10,2026-08-07T22:15:02,2026-08-08T14:20:39,57938,2,14,0.009546,7.905800e-18,1.2075070393433377200284365109209026125215644969664863535053502889625647877633115,-0.7641386
11,2026-08-09T00:00:05,2026-08-09T09:57:08,35824,5,7,0.008892,7.905800e-18,1.2075070393433377241065243749073317920684494135505664754179294643469552288860805,2.6131402
12,2026-08-10T12:47:27,2026-08-10T23:59:52,40346,21,7,0.009259,7.916800e-18,1.2075070393433377218315938523033850619071840578035935830441050604631650914960747,0.7291507
13,2026-08-11T05:30:06,2026-08-12T23:59:59,152994,6,0,0.009998,7.916800e-18,1.2075070393433377172166072437445039326567375203225654847132493347762982515208455,-3.0927621
14,2026-08-13T18:56:58,2026-08-14T14:00:35,68618,0,0,0.009019,7.916800e-18,1.2075070393433377233302426296283181518942411539760807918592357662614508331562954,1.9702605
15,2026-08-21T00:40:03,2026-08-21T16:40:51,57649,0,4,0.009448,7.916800e-18,1.2075070393433377206498946501653990369108214041888313014768326308213477783264104,-0.2494765
16,2026-08-21T23:20:03,2026-08-23T16:20:42,147640,2,8,0.009549,7.916800e-18,1.2075070393433377200195793201397301846686732440558014019044350355460907971616835,-0.7714737
17,2026-08-25T15:10:11,2026-08-26T09:29:53,65983,30,0,0.009573,7.916800e-18,1.2075070393433377198709444295302340509166988316637609923811518838745628424512232,-0.8945661
