series,tau_s,tau_days,n_pairs,sigma_y
raw,1,0.000012,1008910,4.057774e-15
raw,2,0.000023,1008908,1.562382e-15
raw,4,0.000046,1008904,8.398358e-16
raw,8,0.000093,1008896,4.667888e-16
raw,16,0.000185,1008880,2.795860e-16
raw,32,0.000370,1008848,1.762649e-16
raw,64,0.000741,1008784,1.069812e-16
raw,128,0.001481,1008656,6.678873e-17
raw,256,0.002963,1008400,4.173550e-17
raw,512,0.005926,1007888,2.678466e-17
raw,600,0.006944,1007712,2.424659e-17
raw,1024,0.011852,1006864,1.689079e-17
raw,1200,0.013889,1006512,1.528268e-17
raw,2048,0.023704,1004816,1.127553e-17
raw,3600,0.041667,1001712,8.159401e-18
raw,4096,0.047407,1000720,7.590727e-18
raw,7200,0.083333,994512,5.939890e-18
raw,8192,0.094815,992528,5.710062e-18
raw,16384,0.189630,976144,4.744274e-18
raw,21600,0.250000,965712,4.268000e-18
raw,32768,0.379259,943376,3.491478e-18
raw,43200,0.500000,922512,2.767954e-18
raw,65536,0.758519,877840,2.093545e-18
raw,86400,1.000000,836112,1.999670e-18
raw,100000,1.157407,808912,1.882580e-18
raw,131072,1.517037,746768,1.656457e-18
raw,172800,2.000000,663312,1.370812e-18
raw,200000,2.314815,608912,1.210907e-18
raw,262144,3.034074,484624,9.547877e-19
raw,345600,4.000000,317712,8.078793e-19
raw,400000,4.629630,208912,8.364187e-19
theory,1,0.000012,1008910,4.057774e-15
theory,2,0.000023,1008908,1.562382e-15
theory,4,0.000046,1008904,8.398357e-16
theory,8,0.000093,1008896,4.667888e-16
theory,16,0.000185,1008880,2.795861e-16
theory,32,0.000370,1008848,1.762650e-16
theory,64,0.000741,1008784,1.069815e-16
theory,128,0.001481,1008656,6.678873e-17
theory,256,0.002963,1008400,4.173562e-17
theory,512,0.005926,1007888,2.678866e-17
theory,600,0.006944,1007712,2.425182e-17
theory,1024,0.011852,1006864,1.689198e-17
theory,1200,0.013889,1006512,1.527891e-17
theory,2048,0.023704,1004816,1.124273e-17
theory,3600,0.041667,1001712,8.083105e-18
theory,4096,0.047407,1000720,7.490655e-18
theory,7200,0.083333,994512,5.732743e-18
theory,8192,0.094815,992528,5.513362e-18
theory,16384,0.189630,976144,5.084137e-18
theory,21600,0.250000,965712,5.034903e-18
theory,32768,0.379259,943376,4.464626e-18
theory,43200,0.500000,922512,3.497282e-18
theory,65536,0.758519,877840,2.482962e-18
theory,86400,1.000000,836112,2.329322e-18
theory,100000,1.157407,808912,2.127372e-18
theory,131072,1.517037,746768,1.633368e-18
theory,172800,2.000000,663312,1.241992e-18
theory,200000,2.314815,608912,1.189966e-18
theory,262144,3.034074,484624,1.175587e-18
theory,345600,4.000000,317712,9.037188e-19
theory,400000,4.629630,208912,8.706503e-19
correction,1,0.000012,1008910,1.694508e-20
correction,2,0.000023,1008908,2.076296e-20
correction,4,0.000046,1008904,2.813765e-20
correction,8,0.000093,1008896,3.940385e-20
correction,16,0.000185,1008880,5.574684e-20
correction,32,0.000370,1008848,7.929494e-20
correction,64,0.000741,1008784,1.135583e-19
correction,128,0.001481,1008656,1.645730e-19
correction,256,0.002963,1008400,2.435699e-19
correction,512,0.005926,1007888,3.729497e-19
correction,600,0.006944,1007712,4.137110e-19
correction,1024,0.011852,1006864,5.985097e-19
correction,1200,0.013889,1006512,6.718183e-19
correction,2048,0.023704,1004816,1.010126e-18
correction,3600,0.041667,1001712,1.585743e-18
correction,4096,0.047407,1000720,1.758852e-18
correction,7200,0.083333,994512,2.709382e-18
correction,8192,0.094815,992528,2.960176e-18
correction,16384,0.189630,976144,4.048956e-18
correction,21600,0.250000,965712,4.054345e-18
correction,32768,0.379259,943376,3.233858e-18
correction,43200,0.500000,922512,2.277182e-18
correction,65536,0.758519,877840,1.243989e-18
correction,86400,1.000000,836112,1.125882e-18
correction,100000,1.157407,808912,1.089091e-18
correction,131072,1.517037,746768,8.127980e-19
correction,172800,2.000000,663312,7.979600e-19
correction,200000,2.314815,608912,7.034809e-19
correction,262144,3.034074,484624,5.964366e-19
correction,345600,4.000000,317712,5.524935e-19
correction,400000,4.629630,208912,5.276336e-19
