scenario,coefficient,tau_s,n_pairs,sigma_y,sigma_ratio_vs_raw,pooled_n_pairs,pooled_sigma_y,concat_vs_pooled
raw,0,1,1008895,4.057804e-15,1.000000,1008895,4.057804e-15,1.000000
raw,0,2,1008861,1.562383e-15,1.000000,1008861,1.562383e-15,1.000000
raw,0,4,1008793,8.397971e-16,1.000000,1008793,8.397971e-16,1.000000
raw,0,8,1008657,4.667282e-16,1.000000,1008657,4.667282e-16,1.000000
raw,0,16,1008385,2.795314e-16,1.000000,1008385,2.795314e-16,1.000000
raw,0,32,1007841,1.762413e-16,1.000000,1007841,1.762413e-16,1.000000
raw,0,64,1006753,1.069510e-16,1.000000,1006753,1.069510e-16,1.000000
raw,0,128,1004577,6.673995e-17,1.000000,1004577,6.673995e-17,1.000000
raw,0,256,1000225,4.170378e-17,1.000000,1000225,4.170378e-17,1.000000
raw,0,512,991521,2.675651e-17,1.000000,991521,2.675651e-17,1.000000
raw,0,600,988529,2.421182e-17,1.000000,988529,2.421182e-17,1.000000
raw,0,1024,974113,1.679923e-17,1.000000,974113,1.679923e-17,1.000000
raw,0,1200,968129,1.519190e-17,1.000000,968129,1.519190e-17,1.000000
raw,0,2048,939297,1.127191e-17,1.000000,939297,1.127191e-17,1.000000
raw,0,3600,886529,8.129028e-18,1.000000,886529,8.129028e-18,1.000000
raw,0,4096,869665,7.550011e-18,1.000000,869665,7.550011e-18,1.000000
raw,0,7200,764129,5.671325e-18,1.000000,750899,5.610272e-18,1.010882
raw,0,8192,730401,5.436641e-18,1.000000,708041,5.450622e-18,0.997435
raw,0,16384,478665,5.068579e-18,1.000000,339409,5.550482e-18,0.913178
raw,0,32768,175569,3.160890e-18,1.000000,169564,3.148797e-18,1.003841
theory,-1,1,1008895,4.057804e-15,1.000000,1008895,4.057804e-15,1.000000
theory,-1,2,1008861,1.562383e-15,1.000000,1008861,1.562383e-15,1.000000
theory,-1,4,1008793,8.397971e-16,1.000000,1008793,8.397971e-16,1.000000
theory,-1,8,1008657,4.667282e-16,1.000000,1008657,4.667282e-16,1.000000
theory,-1,16,1008385,2.795314e-16,1.000000,1008385,2.795314e-16,1.000000
theory,-1,32,1007841,1.762413e-16,1.000000,1007841,1.762413e-16,1.000000
theory,-1,64,1006753,1.069510e-16,1.000000,1006753,1.069510e-16,1.000000
theory,-1,128,1004577,6.673994e-17,1.000000,1004577,6.673994e-17,1.000000
theory,-1,256,1000225,4.170376e-17,0.999999,1000225,4.170376e-17,1.000000
theory,-1,512,991521,2.675574e-17,0.999971,991521,2.675574e-17,1.000000
theory,-1,600,988529,2.421066e-17,0.999952,988529,2.421066e-17,1.000000
theory,-1,1024,974113,1.679692e-17,0.999863,974113,1.679692e-17,1.000000
theory,-1,1200,968129,1.518915e-17,0.999819,968129,1.518915e-17,1.000000
theory,-1,2048,939297,1.126335e-17,0.999240,939297,1.126335e-17,1.000000
theory,-1,3600,886529,8.090861e-18,0.995305,886529,8.090861e-18,1.000000
theory,-1,4096,869665,7.497955e-18,0.993105,869665,7.497955e-18,1.000000
theory,-1,7200,764129,5.606787e-18,0.988620,750899,5.575663e-18,1.005582
theory,-1,8192,730401,5.370784e-18,0.987886,708041,5.381166e-18,0.998071
theory,-1,16384,478665,4.917458e-18,0.970185,339409,5.335966e-18,0.921569
theory,-1,32768,175569,3.211481e-18,1.016005,169564,3.249612e-18,0.988266
empirical,-0.54,1,1008895,4.057804e-15,1.000000,1008895,4.057804e-15,1.000000
empirical,-0.54,2,1008861,1.562383e-15,1.000000,1008861,1.562383e-15,1.000000
empirical,-0.54,4,1008793,8.397971e-16,1.000000,1008793,8.397971e-16,1.000000
empirical,-0.54,8,1008657,4.667282e-16,1.000000,1008657,4.667282e-16,1.000000
empirical,-0.54,16,1008385,2.795314e-16,1.000000,1008385,2.795314e-16,1.000000
empirical,-0.54,32,1007841,1.762413e-16,1.000000,1007841,1.762413e-16,1.000000
empirical,-0.54,64,1006753,1.069510e-16,1.000000,1006753,1.069510e-16,1.000000
empirical,-0.54,128,1004577,6.673994e-17,1.000000,1004577,6.673994e-17,1.000000
empirical,-0.54,256,1000225,4.170374e-17,0.999999,1000225,4.170374e-17,1.000000
empirical,-0.54,512,991521,2.675589e-17,0.999977,991521,2.675589e-17,1.000000
empirical,-0.54,600,988529,2.421088e-17,0.999961,988529,2.421088e-17,1.000000
empirical,-0.54,1024,974113,1.679666e-17,0.999847,974113,1.679666e-17,1.000000
empirical,-0.54,1200,968129,1.518842e-17,0.999771,968129,1.518842e-17,1.000000
empirical,-0.54,2048,939297,1.125952e-17,0.998901,939297,1.125952e-17,1.000000
empirical,-0.54,3600,886529,8.076008e-18,0.993478,886529,8.076008e-18,1.000000
empirical,-0.54,4096,869665,7.477187e-18,0.990354,869665,7.477187e-18,1.000000
empirical,-0.54,7200,764129,5.467912e-18,0.964133,750899,5.420894e-18,1.008673
empirical,-0.54,8192,730401,5.181565e-18,0.953082,708041,5.191744e-18,0.998039
empirical,-0.54,16384,478665,4.435340e-18,0.875066,339409,4.920609e-18,0.901380
empirical,-0.54,32768,175569,2.904601e-18,0.918919,169564,2.927037e-18,0.992335
