tau_s,sigma_y_raw,sigma_y_corrected,sigma_y_tide
1,4.057804e-15,4.057804e-15,2.231941e-22
2,1.562383e-15,1.562383e-15,4.463878e-22
4,8.397971e-16,8.397971e-16,8.927737e-22
8,4.667282e-16,4.667282e-16,1.785540e-21
16,2.795314e-16,2.795314e-16,3.571052e-21
32,1.762413e-16,1.762413e-16,7.141988e-21
64,1.069510e-16,1.069510e-16,1.428348e-20
128,6.673995e-17,6.673994e-17,2.856470e-20
256,4.170378e-17,4.170374e-17,5.711800e-20
512,2.675651e-17,2.675589e-17,1.141720e-19
600,2.421182e-17,2.421088e-17,1.337630e-19
1024,1.679923e-17,1.679666e-17,2.279441e-19
1200,1.519190e-17,1.518842e-17,2.669101e-19
2048,1.127191e-17,1.125952e-17,4.531880e-19
3600,8.129028e-18,8.076008e-18,7.849742e-19
4096,7.550011e-18,7.477187e-18,8.877457e-19
7200,5.671325e-18,5.467912e-18,1.482744e-18
8192,5.436641e-18,5.181565e-18,1.651757e-18
16384,5.068579e-18,4.435340e-18,2.471495e-18
32768,3.160890e-18,2.904601e-18,1.424514e-18
