group,T_s,n_valid,sigma_y_T,h0_fractional2_s,delta_R_reach_segment
1,68009,68009,1.586161e-18,3.422085e-31,3.172322e-18
2,29481,29481,1.733702e-18,1.772234e-31,3.467404e-18
3,42891,42891,2.271253e-18,4.425141e-31,4.542506e-18
4,64280,64280,9.877245e-19,1.254231e-31,1.975449e-18
5,19532,19532,6.545589e-18,1.673687e-30,1.309118e-17
6,52140,52140,5.065110e-19,2.675338e-32,1.013022e-18
7,39526,39526,1.109557e-18,9.732218e-32,2.219113e-18
8,43565,43565,3.307823e-18,9.533497e-31,6.615646e-18
9,22496,22496,8.253144e-19,3.064603e-32,1.650629e-18
10,57938,57938,1.452080e-18,2.443287e-31,2.904160e-18
11,35824,35824,2.178611e-18,3.400662e-31,4.357222e-18
12,40346,40346,1.566318e-18,1.979659e-31,3.132636e-18
13,152994,152994,1.744843e-18,9.315740e-31,3.489687e-18
14,68618,68618,1.485855e-18,3.029850e-31,2.971711e-18
15,57649,57649,1.010808e-18,1.178037e-31,2.021615e-18
16,147640,147640,3.540925e-19,3.702266e-32,7.081851e-19
17,65983,65983,2.026951e-18,5.421865e-31,4.053903e-18
