scenario,coefficient,group,tau_s,n_pairs,sigma_y,sigma_factor_vs_raw
raw,0,1,1,68008,4.899945203321544e-15,1.0
raw,0,1,2,68006,1.854045705277595e-15,1.0
raw,0,1,4,68002,9.994747068230242e-16,1.0
raw,0,1,8,67994,5.355796126964956e-16,1.0
raw,0,1,16,67978,3.095654102971011e-16,1.0
raw,0,1,32,67946,1.8572724681611024e-16,1.0
raw,0,1,64,67882,1.0848280386757926e-16,1.0
raw,0,1,128,67754,6.343381635077529e-17,1.0
raw,0,1,256,67498,3.9158423862829597e-17,1.0
raw,0,1,512,66986,2.5318756267679593e-17,1.0
raw,0,1,600,66810,2.2864512933584098e-17,1.0
raw,0,1,1024,65962,1.447995732956673e-17,1.0
raw,0,1,1200,65610,1.240736785684295e-17,1.0
raw,0,1,2048,63914,8.441504371769382e-18,1.0
raw,0,1,3600,60810,5.40006021769534e-18,1.0
raw,0,1,4096,59818,5.059101398354372e-18,1.0
raw,0,1,7200,53610,4.486056161629249e-18,1.0
raw,0,1,8192,51626,4.185520566610419e-18,1.0
raw,0,1,16384,35242,4.245123481696525e-18,1.0
theory,-1,1,1,68008,4.899945203321e-15,0.9999999999998889
theory,-1,1,2,68006,1.8540457052748918e-15,0.999999999998542
theory,-1,1,4,68002,9.994747068371547e-16,1.0000000000141378
theory,-1,1,8,67994,5.35579612674468e-16,0.9999999999588716
theory,-1,1,16,67978,3.095654095436317e-16,0.9999999975660414
theory,-1,1,32,67946,1.8572724547230536e-16,0.9999999927646326
theory,-1,1,64,67882,1.0848280958551802e-16,1.0000000527082502
theory,-1,1,128,67754,6.343386523232819e-17,1.000000770591393
theory,-1,1,256,67498,3.9158557747112113e-17,1.0000034190416598
theory,-1,1,512,66986,2.531759913084289e-17,0.9999542972480768
theory,-1,1,600,66810,2.2862130927744455e-17,0.9998958208361332
theory,-1,1,1024,65962,1.4469260504108833e-17,0.9992612667831517
theory,-1,1,1200,65610,1.2393277760855727e-17,0.9988643767034399
theory,-1,1,2048,63914,8.395059163164407e-18,0.9944979938930909
theory,-1,1,3600,60810,5.225293729934196e-18,0.9676361965023175
theory,-1,1,4096,59818,4.816102877219972e-18,0.9519680468919949
theory,-1,1,7200,53610,3.839965902488449e-18,0.8559781162199823
theory,-1,1,8192,51626,3.4241052235158385e-18,0.8180834782730021
theory,-1,1,16384,35242,2.022942797372226e-18,0.4765333225510264
empirical,-0.54,1,1,68008,4.899945203321245e-15,0.9999999999999389
empirical,-0.54,1,2,68006,1.8540457052760857e-15,0.9999999999991861
empirical,-0.54,1,4,68002,9.994747068302855e-16,1.000000000007265
empirical,-0.54,1,8,67994,5.355796126818432e-16,0.999999999972642
empirical,-0.54,1,16,67978,3.095654098711411e-16,0.9999999986240065
empirical,-0.54,1,32,67946,1.8572724596315306e-16,0.9999999954074741
empirical,-0.54,1,64,67882,1.0848280608277728e-16,1.0000000204198078
empirical,-0.54,1,128,67754,6.343383676893198e-17,1.0000003218812594
empirical,-0.54,1,256,67498,3.915845730575776e-17,1.0000008540417327
empirical,-0.54,1,512,66986,2.5317889633487038e-17,0.999965771059866
empirical,-0.54,1,600,66810,2.2862858284814718e-17,0.9999276324505934
empirical,-0.54,1,1024,65962,1.447247278018464e-17,0.9994831097073189
empirical,-0.54,1,1200,65610,1.2397012665494423e-17,0.9991653998279082
empirical,-0.54,1,2048,63914,8.40452140538518e-18,0.9956189128435586
empirical,-0.54,1,3600,60810,5.247433345725242e-18,0.9717360796329718
empirical,-0.54,1,4096,59818,4.847310438768135e-18,0.9581366446509396
empirical,-0.54,1,7200,53610,3.8676508351277055e-18,0.8621494461458212
empirical,-0.54,1,8192,51626,3.408320150324914e-18,0.8143121258355422
empirical,-0.54,1,16384,35242,2.1972914970927238e-18,0.5176036707923032
raw,0,2,1,29480,2.43935949262477e-15,1.0
raw,0,2,2,29478,1.0358139818772705e-15,1.0
raw,0,2,4,29474,5.609123890197287e-16,1.0
raw,0,2,8,29466,3.525448456988472e-16,1.0
raw,0,2,16,29450,2.337772621400509e-16,1.0
raw,0,2,32,29418,1.5341260707264652e-16,1.0
raw,0,2,64,29354,9.176445838272473e-17,1.0
raw,0,2,128,29226,5.571204776754127e-17,1.0
raw,0,2,256,28970,3.3863251649469194e-17,1.0
raw,0,2,512,28458,1.9545380847150945e-17,1.0
raw,0,2,600,28282,1.7023463897915363e-17,1.0
raw,0,2,1024,27434,1.1913985650468793e-17,1.0
raw,0,2,1200,27082,1.168893132391433e-17,1.0
raw,0,2,2048,25386,8.863710525903052e-18,1.0
raw,0,2,3600,22282,5.127090647112167e-18,1.0
raw,0,2,4096,21290,4.784105448784152e-18,1.0
raw,0,2,7200,15082,3.016983602354775e-18,1.0
theory,-1,2,1,29480,2.4393594926252628e-15,1.000000000000202
theory,-1,2,2,29478,1.0358139819075117e-15,1.0000000000291955
theory,-1,2,4,29474,5.609123889553067e-16,0.9999999998851478
theory,-1,2,8,29466,3.52544845432438e-16,0.9999999992443253
theory,-1,2,16,29450,2.3377725444667514e-16,0.9999999670910008
theory,-1,2,32,29418,1.5341259463460179e-16,0.9999999189242333
theory,-1,2,64,29354,9.176447317689517e-17,1.0000001612189588
theory,-1,2,128,29226,5.571167060287898e-17,0.9999932301059212
theory,-1,2,256,28970,3.3862267974507867e-17,0.9999709515503263
theory,-1,2,512,28458,1.9547978555932968e-17,1.000132906531847
theory,-1,2,600,28282,1.7026070566268537e-17,1.0001531220889477
theory,-1,2,1024,27434,1.1899321277985274e-17,0.9987691463701787
theory,-1,2,1200,27082,1.167018813705421e-17,0.9983965012420105
theory,-1,2,2048,25386,8.88216339753295e-18,1.0020818450214468
theory,-1,2,3600,22282,5.029466038016581e-18,0.980959063177365
theory,-1,2,4096,21290,4.696659040199873e-18,0.9817214713345203
theory,-1,2,7200,15082,4.3082379017129285e-18,1.427995133400898
empirical,-0.54,2,1,29480,2.439359492625022e-15,1.0000000000001033
empirical,-0.54,2,2,29478,1.0358139818934711e-15,1.0000000000156406
empirical,-0.54,2,4,29474,5.609123889839847e-16,0.9999999999362751
empirical,-0.54,2,8,29466,3.525448455489021e-16,0.9999999995746779
empirical,-0.54,2,16,29450,2.3377725794893727e-16,0.9999999820721931
empirical,-0.54,2,32,29418,1.5341260013257598e-16,0.9999999547620585
empirical,-0.54,2,64,29354,9.176446487840221e-17,1.00000007078642
empirical,-0.54,2,128,29226,5.571183428279419e-17,0.9999961680685662
empirical,-0.54,2,256,28970,3.386265616958175e-17,0.9999824151592527
empirical,-0.54,2,512,28458,1.954634266825417e-17,1.0000492096373435
empirical,-0.54,2,600,28282,1.702417892267551e-17,1.000042002307194
empirical,-0.54,2,1024,27434,1.190324405717728e-17,0.9990984047147068
empirical,-0.54,2,1200,27082,1.1674897291206123e-17,0.998799374184063
empirical,-0.54,2,2048,25386,8.85949651182851e-18,0.9995245767489553
empirical,-0.54,2,3600,22282,5.0082973566951114e-18,0.9768302730352612
empirical,-0.54,2,4096,21290,4.650354905269742e-18,0.9720427267027734
empirical,-0.54,2,7200,15082,3.5696577128554495e-18,1.183187641480487
raw,0,3,1,42890,2.3617807880734563e-15,1.0
raw,0,3,2,42888,9.398587900815714e-16,1.0
raw,0,3,4,42884,5.268399070406328e-16,1.0
raw,0,3,8,42876,3.3634961643192336e-16,1.0
raw,0,3,16,42860,2.276737918983241e-16,1.0
raw,0,3,32,42828,1.5131226529659728e-16,1.0
raw,0,3,64,42764,8.977385855987398e-17,1.0
raw,0,3,128,42636,5.394353454644396e-17,1.0
raw,0,3,256,42380,3.278980217529585e-17,1.0
raw,0,3,512,41868,2.1368205083041803e-17,1.0
raw,0,3,600,41692,1.9410451858355802e-17,1.0
raw,0,3,1024,40844,1.3329509929019576e-17,1.0
raw,0,3,1200,40492,1.1659234442259414e-17,1.0
raw,0,3,2048,38796,9.008052424374165e-18,1.0
raw,0,3,3600,35692,6.768447083609001e-18,1.0
raw,0,3,4096,34700,6.416780882260181e-18,1.0
raw,0,3,7200,28492,6.286179429334488e-18,1.0
raw,0,3,8192,26508,5.879691984678599e-18,1.0
theory,-1,3,1,42890,2.361780788075971e-15,1.000000000001065
theory,-1,3,2,42888,9.39858790073211e-16,0.9999999999911047
theory,-1,3,4,42884,5.268399069871347e-16,0.9999999998984548
theory,-1,3,8,42876,3.363496159590092e-16,0.9999999985939804
theory,-1,3,16,42860,2.2767379157207304e-16,0.999999998567024
theory,-1,3,32,42828,1.5131225778918088e-16,0.9999999503846143
theory,-1,3,64,42764,8.977387996681472e-17,1.0000002384540565
theory,-1,3,128,42636,5.394355931515557e-17,1.0000004591599683
theory,-1,3,256,42380,3.2789572116074816e-17,0.9999929838179625
theory,-1,3,512,41868,2.136765485339368e-17,0.9999742500764109
theory,-1,3,600,41692,1.940975312629194e-17,0.9999640022772803
theory,-1,3,1024,40844,1.3324666213736263e-17,0.9996366171517853
theory,-1,3,1200,40492,1.1649848785004529e-17,0.9991950022704007
theory,-1,3,2048,38796,8.940741239077579e-18,0.9925276650128663
theory,-1,3,3600,35692,6.444900776097375e-18,0.9521978522525276
theory,-1,3,4096,34700,5.964123021520569e-18,0.9294571734573284
theory,-1,3,7200,28492,5.306533437739835e-18,0.8441587608805549
theory,-1,3,8192,26508,4.776084287052868e-18,0.8123017837496368
empirical,-0.54,3,1,42890,2.3617807880748032e-15,1.0000000000005704
empirical,-0.54,3,2,42888,9.398587900769497e-16,0.9999999999950825
empirical,-0.54,3,4,42884,5.268399070109792e-16,0.9999999999437142
empirical,-0.54,3,8,42876,3.3634961617175905e-16,0.9999999992265063
empirical,-0.54,3,16,42860,2.276737916938354e-16,0.9999999991018346
empirical,-0.54,3,32,42828,1.5131226107214017e-16,0.9999999720811984
empirical,-0.54,3,64,42764,8.97738689698333e-17,1.000000115957579
empirical,-0.54,3,128,42636,5.3943540259474026e-17,1.000000105907596
empirical,-0.54,3,256,42380,3.278962741834714e-17,0.9999946703872205
empirical,-0.54,3,512,41868,2.1367596593209145e-17,0.9999715235870167
empirical,-0.54,3,600,41692,1.9409603194985735e-17,0.9999562780209209
empirical,-0.54,3,1024,40844,1.3324882875349902e-17,0.9996528714338101
empirical,-0.54,3,1200,40492,1.1651000600632321e-17,0.9992937922581565
empirical,-0.54,3,2048,38796,8.959667536268011e-18,0.9946287070915314
empirical,-0.54,3,3600,35692,6.544174481019214e-18,0.966864983973517
empirical,-0.54,3,4096,34700,6.105003671290177e-18,0.9514122085994954
empirical,-0.54,3,7200,28492,5.540980641463254e-18,0.8814544197714498
empirical,-0.54,3,8192,26508,4.979165805386516e-18,0.8468412662366175
raw,0,4,1,64279,2.5042149484099077e-15,1.0
raw,0,4,2,64277,1.0061179459552676e-15,1.0
raw,0,4,4,64273,5.560920414670217e-16,1.0
raw,0,4,8,64265,3.4797870498945803e-16,1.0
raw,0,4,16,64249,2.299410466986937e-16,1.0
raw,0,4,32,64217,1.4821612233474866e-16,1.0
raw,0,4,64,64153,8.85061910977967e-17,1.0
raw,0,4,128,64025,5.456652798601225e-17,1.0
raw,0,4,256,63769,3.260274088290674e-17,1.0
raw,0,4,512,63257,1.9202427161287875e-17,1.0
raw,0,4,600,63081,1.74466100367371e-17,1.0
raw,0,4,1024,62233,1.3381131166937676e-17,1.0
raw,0,4,1200,61881,1.224202517978713e-17,1.0
raw,0,4,2048,60185,8.683963778672123e-18,1.0
raw,0,4,3600,57081,5.881917307929041e-18,1.0
raw,0,4,4096,56089,5.485444816622807e-18,1.0
raw,0,4,7200,49881,3.901787916126965e-18,1.0
raw,0,4,8192,47897,3.6739592248201994e-18,1.0
theory,-1,4,1,64279,2.5042149484089457e-15,0.9999999999996159
theory,-1,4,2,64277,1.0061179459516775e-15,0.9999999999964317
theory,-1,4,4,64273,5.560920411623138e-16,0.999999999452055
theory,-1,4,8,64265,3.479787048949641e-16,0.999999999728449
theory,-1,4,16,64249,2.2994104597202366e-16,0.999999996839755
theory,-1,4,32,64217,1.4821612277564846e-16,1.000000002974709
theory,-1,4,64,64153,8.85061946193852e-17,1.000000039789177
theory,-1,4,128,64025,5.4566526439084334e-17,0.9999999716506075
theory,-1,4,256,63769,3.260229282093796e-17,0.999986256923294
theory,-1,4,512,63257,1.9202850150859508e-17,1.0000220279222038
theory,-1,4,600,63081,1.7448214189324826e-17,1.0000919463772244
theory,-1,4,1024,62233,1.3388706064416562e-17,1.000566087977495
theory,-1,4,1200,61881,1.2250943011338594e-17,1.0007284604810476
theory,-1,4,2048,60185,8.683407336633365e-18,0.9999359230355008
theory,-1,4,3600,57081,5.8254751443006056e-18,0.9904041215349374
theory,-1,4,4096,56089,5.425128607640362e-18,0.9890043176079967
theory,-1,4,7200,49881,3.944036041461042e-18,1.0108278887121096
theory,-1,4,8192,47897,3.7349291923019654e-18,1.0165951671618647
empirical,-0.54,4,1,64279,2.504214948409379e-15,0.999999999999789
empirical,-0.54,4,2,64277,1.0061179459532331e-15,0.999999999997978
empirical,-0.54,4,4,64273,5.560920413017877e-16,0.9999999997028657
empirical,-0.54,4,8,64265,3.4797870493400905e-16,0.9999999998406541
empirical,-0.54,4,16,64249,2.2994104627952465e-16,0.9999999981770586
empirical,-0.54,4,32,64217,1.4821612240675645e-16,1.0000000004858296
empirical,-0.54,4,64,64153,8.850619188734234e-17,1.0000000089207957
empirical,-0.54,4,128,64025,5.456651994033485e-17,0.9999998525528799
empirical,-0.54,4,256,63769,3.2602450729555216e-17,0.9999911003386934
empirical,-0.54,4,512,63257,1.9202329303638807e-17,0.9999949038916671
empirical,-0.54,4,600,63081,1.7446983758292703e-17,1.0000214208694305
empirical,-0.54,4,1024,62233,1.3383364403459737e-17,1.0001668944496696
empirical,-0.54,4,1200,61881,1.2244061740901754e-17,1.0001663581870412
empirical,-0.54,4,2048,60185,8.672435275154792e-18,0.9986724376320355
empirical,-0.54,4,3600,57081,5.801886951745754e-18,0.9863938318079714
empirical,-0.54,4,4096,56089,5.384882299740928e-18,0.9816673906595251
empirical,-0.54,4,7200,49881,3.65056514698835e-18,0.9356134227336511
empirical,-0.54,4,8192,47897,3.336482503941835e-18,0.9081435856450257
raw,0,5,1,19531,2.163532629254907e-15,1.0
raw,0,5,2,19529,8.85653053296951e-16,1.0
raw,0,5,4,19525,5.012776317344959e-16,1.0
raw,0,5,8,19517,3.3767957982438307e-16,1.0
raw,0,5,16,19501,2.2931097713389463e-16,1.0
raw,0,5,32,19469,1.5562233148629806e-16,1.0
raw,0,5,64,19405,9.251206646856068e-17,1.0
raw,0,5,128,19277,6.034152487780381e-17,1.0
raw,0,5,256,19021,4.372541830136123e-17,1.0
raw,0,5,512,18509,2.873506851154809e-17,1.0
raw,0,5,600,18333,2.4351666478261025e-17,1.0
raw,0,5,1024,17485,1.660945976658951e-17,1.0
raw,0,5,1200,17133,1.5945498518603726e-17,1.0
raw,0,5,2048,15437,1.4099577627456105e-17,1.0
raw,0,5,3600,12333,1.4522034251832158e-17,1.0
raw,0,5,4096,11341,1.525034891816895e-17,1.0
theory,-1,5,1,19531,2.1635326292573346e-15,1.0000000000011222
theory,-1,5,2,19529,8.856530533371223e-16,1.0000000000453577
theory,-1,5,4,19525,5.012776318263295e-16,1.0000000001831992
theory,-1,5,8,19517,3.3767957927932323e-16,0.9999999983858667
theory,-1,5,16,19501,2.2931097376713637e-16,0.9999999853179368
theory,-1,5,32,19469,1.5562231243524853e-16,0.9999998775815183
theory,-1,5,64,19405,9.251206721569531e-17,1.0000000080760778
theory,-1,5,128,19277,6.034166188002207e-17,1.0000022704467368
theory,-1,5,256,19021,4.372577048510785e-17,1.0000080544397356
theory,-1,5,512,18509,2.87312464649787e-17,0.9998669901702912
theory,-1,5,600,18333,2.434574780470793e-17,0.9997569499582963
theory,-1,5,1024,17485,1.6576118805613793e-17,0.9979926522930755
theory,-1,5,1200,17133,1.5894183438842197e-17,0.9967818453777624
theory,-1,5,2048,15437,1.3954710912638263e-17,0.9897254571274714
theory,-1,5,3600,12333,1.3915934049507672e-17,0.9582634091192824
theory,-1,5,4096,11341,1.4418418746862873e-17,0.9454484500144825
empirical,-0.54,5,1,19531,2.1635326292562026e-15,1.0000000000005989
empirical,-0.54,5,2,19529,8.856530533184939e-16,1.0000000000243243
empirical,-0.54,5,4,19525,5.012776317830293e-16,1.0000000000968197
empirical,-0.54,5,8,19517,3.37679579523776e-16,0.999999999109786
empirical,-0.54,5,16,19501,2.293109752788736e-16,0.999999991910457
empirical,-0.54,5,32,19469,1.5562232098068787e-16,0.9999999324929135
empirical,-0.54,5,64,19405,9.251206540308361e-17,0.9999999884828314
empirical,-0.54,5,128,19277,6.03415898291196e-17,1.0000010763950018
empirical,-0.54,5,256,19021,4.3725558399546203e-17,1.0000032040444762
empirical,-0.54,5,512,18509,2.8732697013978083e-17,0.999917470265677
empirical,-0.54,5,600,18333,2.4347970467599782e-17,0.9998482235018887
empirical,-0.54,5,1024,17485,1.658929617430396e-17,0.9987860175725818
empirical,-0.54,5,1200,17133,1.5914689034217284e-17,0.9980678255778271
empirical,-0.54,5,2048,15437,1.4010981755701937e-17,0.9937164166122505
empirical,-0.54,5,3600,12333,1.4164927374835827e-17,0.9754093076215354
empirical,-0.54,5,4096,11341,1.4765784106044135e-17,0.968225985206967
raw,0,6,1,52139,4.45482221534682e-15,1.0
raw,0,6,2,52137,1.6230891796156489e-15,1.0
raw,0,6,4,52133,9.05772552018413e-16,1.0
raw,0,6,8,52125,4.935612768298303e-16,1.0
raw,0,6,16,52109,2.8967773387078794e-16,1.0
raw,0,6,32,52077,1.7511800277315745e-16,1.0
raw,0,6,64,52013,9.951737399807354e-17,1.0
raw,0,6,128,51885,5.804945932789281e-17,1.0
raw,0,6,256,51629,3.349390085292677e-17,1.0
raw,0,6,512,51117,2.0157745455994344e-17,1.0
raw,0,6,600,50941,1.790956174818461e-17,1.0
raw,0,6,1024,50093,1.1924245910486775e-17,1.0
raw,0,6,1200,49741,1.0881711929895427e-17,1.0
raw,0,6,2048,48045,7.251115627547163e-18,1.0
raw,0,6,3600,44941,4.146094407415829e-18,1.0
raw,0,6,4096,43949,3.7766673726845265e-18,1.0
raw,0,6,7200,37741,2.3119187581616644e-18,1.0
raw,0,6,8192,35757,2.230007510460682e-18,1.0
theory,-1,6,1,52139,4.454822215347316e-15,1.0000000000001115
theory,-1,6,2,52137,1.6230891796311295e-15,1.0000000000095377
theory,-1,6,4,52133,9.057725520302644e-16,1.0000000000130842
theory,-1,6,8,52125,4.935612768894516e-16,1.0000000001207983
theory,-1,6,16,52109,2.896777351901003e-16,1.0000000045544142
theory,-1,6,32,52077,1.751180101833741e-16,1.0000000423155617
theory,-1,6,64,52013,9.951739249408898e-17,1.0000001858571494
theory,-1,6,128,51885,5.80494163156274e-17,0.9999992590410676
theory,-1,6,256,51629,3.3493808460210265e-17,0.9999972415062399
theory,-1,6,512,51117,2.0158702667018435e-17,1.0000474860160418
theory,-1,6,600,50941,1.7910265978749425e-17,1.0000393214850658
theory,-1,6,1024,50093,1.1926759095430542e-17,1.0002107625893186
theory,-1,6,1200,49741,1.0887734216841243e-17,1.0005534319401777
theory,-1,6,2048,48045,7.292679303464154e-18,1.0057320387719497
theory,-1,6,3600,44941,4.342234731455274e-18,1.04730724985148
theory,-1,6,4096,43949,4.0362226721657024e-18,1.0687260152584417
theory,-1,6,7200,37741,3.2371828294706002e-18,1.4002147861132737
theory,-1,6,8192,35757,3.2663266322347142e-18,1.4647155298413979
empirical,-0.54,6,1,52139,4.4548222153470835e-15,1.000000000000059
empirical,-0.54,6,2,52137,1.6230891796239574e-15,1.000000000005119
empirical,-0.54,6,4,52133,9.05772552024449e-16,1.0000000000066638
empirical,-0.54,6,8,52125,4.935612768593549e-16,1.0000000000598195
empirical,-0.54,6,16,52109,2.89677734565011e-16,1.0000000023965359
empirical,-0.54,6,32,52077,1.751180066541833e-16,1.0000000221623464
empirical,-0.54,6,64,52013,9.951738313740792e-17,1.000000091836571
empirical,-0.54,6,128,51885,5.804943027710982e-17,0.9999994995511874
empirical,-0.54,6,256,51629,3.3493810511705973e-17,0.9999973027560692
empirical,-0.54,6,512,51117,2.01579926597481e-17,1.0000122634624142
empirical,-0.54,6,600,50941,1.7909524762454843e-17,0.9999979348612609
empirical,-0.54,6,1024,50093,1.1923770774886822e-17,0.999960153824106
empirical,-0.54,6,1200,49741,1.0882204279585072e-17,1.0000452456095894
empirical,-0.54,6,2048,48045,7.261531179086655e-18,1.0014364067647636
empirical,-0.54,6,3600,44941,4.189912783392652e-18,1.0105685909849154
empirical,-0.54,6,4096,43949,3.830657595366489e-18,1.0142957314886816
empirical,-0.54,6,7200,37741,2.49892010941651e-18,1.0808857796558304
empirical,-0.54,6,8192,35757,2.401965827752185e-18,1.0771110933415555
raw,0,7,1,39525,4.042060724686423e-15,1.0
raw,0,7,2,39523,1.5090932427373636e-15,1.0
raw,0,7,4,39519,8.412985715219131e-16,1.0
raw,0,7,8,39511,4.61995897516134e-16,1.0
raw,0,7,16,39495,2.7439029814722705e-16,1.0
raw,0,7,32,39463,1.6408939425086744e-16,1.0
raw,0,7,64,39399,9.165847946484634e-17,1.0
raw,0,7,128,39271,5.393891512981491e-17,1.0
raw,0,7,256,39015,3.246723659494255e-17,1.0
raw,0,7,512,38503,2.3345451449085266e-17,1.0
raw,0,7,600,38327,2.1666174737517924e-17,1.0
raw,0,7,1024,37479,1.407633471706473e-17,1.0
raw,0,7,1200,37127,1.219212706886421e-17,1.0
raw,0,7,2048,35431,9.400877794930294e-18,1.0
raw,0,7,3600,32327,5.7482376476783916e-18,1.0
raw,0,7,4096,31335,4.767881150522055e-18,1.0
raw,0,7,7200,25127,3.7082747770556235e-18,1.0
raw,0,7,8192,23143,3.475631841147784e-18,1.0
theory,-1,7,1,39525,4.04206072468634e-15,0.9999999999999795
theory,-1,7,2,39523,1.509093242712437e-15,0.9999999999834824
theory,-1,7,4,39519,8.412985713780269e-16,0.9999999998289714
theory,-1,7,8,39511,4.61995897073106e-16,0.9999999990410563
theory,-1,7,16,39495,2.743902972810966e-16,0.9999999968434364
theory,-1,7,32,39463,1.6408939611819713e-16,1.0000000113799536
theory,-1,7,64,39399,9.165848220003888e-17,1.0000000298411293
theory,-1,7,128,39271,5.393889950270103e-17,0.9999997102812719
theory,-1,7,256,39015,3.2467700996706804e-17,1.000014303704687
theory,-1,7,512,38503,2.3345001518527328e-17,0.9999807272710524
theory,-1,7,600,38327,2.1665350586907736e-17,0.9999619614158857
theory,-1,7,1024,37479,1.4076830698249223e-17,1.0000352351087454
theory,-1,7,1200,37127,1.2192889603550567e-17,1.0000625432036634
theory,-1,7,2048,35431,9.391568836570349e-18,0.9990097777502261
theory,-1,7,3600,32327,5.601056597285827e-18,0.9743954478896661
theory,-1,7,4096,31335,4.487549428708954e-18,0.9412041296829713
theory,-1,7,7200,25127,2.9626802182134157e-18,0.7989376182543271
theory,-1,7,8192,23143,2.8728791284203845e-18,0.8265775144560916
empirical,-0.54,7,1,39525,4.042060724686373e-15,0.9999999999999877
empirical,-0.54,7,2,39523,1.5090932427238488e-15,0.9999999999910445
empirical,-0.54,7,4,39519,8.4129857144382445e-16,0.9999999999071808
empirical,-0.54,7,8,39511,4.619958972740567e-16,0.9999999994760184
empirical,-0.54,7,16,39495,2.743902976603736e-16,0.99999999822569
empirical,-0.54,7,32,39463,1.6408939513116196e-16,1.0000000053647253
empirical,-0.54,7,64,39399,9.165848002452769e-17,1.0000000061061602
empirical,-0.54,7,128,39271,5.393890045247027e-17,0.9999997278895096
empirical,-0.54,7,256,39015,3.246744587445141e-17,1.0000064458676132
empirical,-0.54,7,512,38503,2.3344977315174128e-17,0.9999796905229196
empirical,-0.54,7,600,38327,2.1665387523326282e-17,0.9999636662123712
empirical,-0.54,7,1024,37479,1.407506834608473e-17,0.999910035459837
empirical,-0.54,7,1200,37127,1.2190107732428544e-17,0.9998343737377194
empirical,-0.54,7,2048,35431,9.386736323003001e-18,0.9984957285653772
empirical,-0.54,7,3600,32327,5.624201957836804e-18,0.9784219620962116
empirical,-0.54,7,4096,31335,4.548177387066485e-18,0.953920041939067
empirical,-0.54,7,7200,25127,3.072090088676037e-18,0.8284418694332252
empirical,-0.54,7,8192,23143,2.8467788722066338e-18,0.819068014771818
raw,0,8,1,43564,4.678923257735405e-15,1.0
raw,0,8,2,43562,1.790003278139882e-15,1.0
raw,0,8,4,43558,9.57879617691404e-16,1.0
raw,0,8,8,43550,5.180231866845876e-16,1.0
raw,0,8,16,43534,3.0016658784877397e-16,1.0
raw,0,8,32,43502,1.8148966319327342e-16,1.0
raw,0,8,64,43438,1.1349410670230696e-16,1.0
raw,0,8,128,43310,8.386954970695777e-17,1.0
raw,0,8,256,43054,5.896557748942832e-17,1.0
raw,0,8,512,42542,4.1235692861826454e-17,1.0
raw,0,8,600,42366,3.817892141872478e-17,1.0
raw,0,8,1024,41518,2.8353442429550004e-17,1.0
raw,0,8,1200,41166,2.6122859016478862e-17,1.0
raw,0,8,2048,39470,2.255176976544083e-17,1.0
raw,0,8,3600,36366,1.6964265194637234e-17,1.0
raw,0,8,4096,35374,1.5418196519774203e-17,1.0
raw,0,8,7200,29166,1.0546434195486014e-17,1.0
raw,0,8,8192,27182,9.860470378778663e-18,1.0
theory,-1,8,1,43564,4.678923257735849e-15,1.0000000000000948
theory,-1,8,2,43562,1.7900032782084205e-15,1.0000000000382896
theory,-1,8,4,43558,9.578796176710345e-16,0.9999999999787347
theory,-1,8,8,43550,5.180231870034346e-16,1.0000000006155072
theory,-1,8,16,43534,3.0016658837079765e-16,1.0000000017391133
theory,-1,8,32,43502,1.8148966370710222e-16,1.000000002831174
theory,-1,8,64,43438,1.13494113559333e-16,1.0000000604174635
theory,-1,8,128,43310,8.386957189583911e-17,1.000000264564212
theory,-1,8,256,43054,5.896572580838386e-17,1.000002515348138
theory,-1,8,512,42542,4.1236535235549855e-17,1.0000204282665075
theory,-1,8,600,42366,3.8179660785798773e-17,1.0000193658449879
theory,-1,8,1024,41518,2.8356419396040687e-17,1.0001049948872374
theory,-1,8,1200,41166,2.6128471004631524e-17,1.000214830549333
theory,-1,8,2048,39470,2.2577324641200625e-17,1.0011331649810897
theory,-1,8,3600,36366,1.706931733786973e-17,1.0061925548809334
theory,-1,8,4096,35374,1.5558703016491686e-17,1.0091130306023328
theory,-1,8,7200,29166,1.0997224127535966e-17,1.0427433503774095
theory,-1,8,8192,27182,1.0225752882429932e-17,1.0370451397975309
empirical,-0.54,8,1,43564,4.678923257735642e-15,1.0000000000000506
empirical,-0.54,8,2,43562,1.7900032781768554e-15,1.0000000000206555
empirical,-0.54,8,4,43558,9.578796176801255e-16,0.9999999999882255
empirical,-0.54,8,8,43550,5.180231868547019e-16,1.0000000003283913
empirical,-0.54,8,16,43534,3.001665881164228e-16,1.0000000008916676
empirical,-0.54,8,32,43502,1.8148966337647535e-16,1.0000000010094345
empirical,-0.54,8,64,43438,1.1349410980171372e-16,1.0000000273089666
empirical,-0.54,8,128,43310,8.386955841838946e-17,1.0000001038688262
empirical,-0.54,8,256,43054,5.89656389247239e-17,1.000001041884065
empirical,-0.54,8,512,42542,4.123604050518254e-17,1.0000084306418047
empirical,-0.54,8,600,42366,3.817916136503958e-17,1.0000062847850564
empirical,-0.54,8,1024,41518,2.8354421042070816e-17,1.0000345147691765
empirical,-0.54,8,1200,41166,2.6124949976522673e-17,1.0000800433077595
empirical,-0.54,8,2048,39470,2.2562381006865655e-17,1.0004705281020154
empirical,-0.54,8,3600,36366,1.700806858918362e-17,1.002582097959671
empirical,-0.54,8,4096,35374,1.547587309165175e-17,1.003740811826051
empirical,-0.54,8,7200,29166,1.0720516024233555e-17,1.0165062262297195
empirical,-0.54,8,8192,27182,9.966874915996879e-18,1.010791020421015
raw,0,9,1,22495,2.8071866434868464e-15,1.0
raw,0,9,2,22493,1.1323945638877588e-15,1.0
raw,0,9,4,22489,6.158362561439527e-16,1.0
raw,0,9,8,22481,3.7421877272005844e-16,1.0
raw,0,9,16,22465,2.3553423862351023e-16,1.0
raw,0,9,32,22433,1.5032394288823782e-16,1.0
raw,0,9,64,22369,9.137474672859261e-17,1.0
raw,0,9,128,22241,5.716591940285114e-17,1.0
raw,0,9,256,21985,3.852015314844223e-17,1.0
raw,0,9,512,21473,2.266849045464717e-17,1.0
raw,0,9,600,21297,1.9611066476205182e-17,1.0
raw,0,9,1024,20449,1.4235157398148712e-17,1.0
raw,0,9,1200,20097,1.3136822092173102e-17,1.0
raw,0,9,2048,18401,9.218620324811565e-18,1.0
raw,0,9,3600,15297,4.6223230853293955e-18,1.0
raw,0,9,4096,14305,4.9753089302064885e-18,1.0
theory,-1,9,1,22495,2.8071866434872058e-15,1.000000000000128
theory,-1,9,2,22493,1.1323945639039415e-15,1.0000000000142908
theory,-1,9,4,22489,6.158362562695431e-16,1.0000000002039346
theory,-1,9,8,22481,3.7421877252981e-16,0.9999999994916117
theory,-1,9,16,22465,2.355342382145021e-16,0.9999999982634876
theory,-1,9,32,22433,1.5032393274937678e-16,0.9999999325532524
theory,-1,9,64,22369,9.137470887511518e-17,0.999999585733709
theory,-1,9,128,22241,5.716583127353548e-17,0.9999984583591661
theory,-1,9,256,21985,3.852008787967802e-17,0.9999983055943739
theory,-1,9,512,21473,2.266715831292836e-17,0.9999412337702205
theory,-1,9,600,21297,1.9608115271637048e-17,0.9998495133055759
theory,-1,9,1024,20449,1.425129813712037e-17,1.0011338644540564
theory,-1,9,1200,20097,1.3171607651540045e-17,1.0026479432485933
theory,-1,9,2048,18401,9.29098835789826e-18,1.0078502021492217
theory,-1,9,3600,15297,4.5555456580931945e-18,0.985553275700666
theory,-1,9,4096,14305,4.893691789667696e-18,0.9835955632738156
empirical,-0.54,9,1,22495,2.8071866434870385e-15,1.0000000000000684
empirical,-0.54,9,2,22493,1.1323945638964787e-15,1.0000000000077003
empirical,-0.54,9,4,22489,6.158362562116329e-16,1.0000000001098996
empirical,-0.54,9,8,22481,3.742187726164125e-16,0.9999999997230339
empirical,-0.54,9,16,22465,2.355342383968572e-16,0.9999999990377065
empirical,-0.54,9,32,22433,1.5032393737703468e-16,0.999999963337822
empirical,-0.54,9,64,22369,9.137472605019558e-17,0.999999773696806
empirical,-0.54,9,128,22241,5.716587030491654e-17,0.9999991411327743
empirical,-0.54,9,256,21985,3.852010907764469e-17,0.9999988559028471
empirical,-0.54,9,512,21473,2.266771289543194e-17,0.9999656986769019
empirical,-0.54,9,600,21297,1.960938146629716e-17,0.9999140786193311
empirical,-0.54,9,1024,20449,1.424352900245007e-17,1.000588093553672
empirical,-0.54,9,1200,20097,1.315511497278806e-17,1.0013924890271488
empirical,-0.54,9,2048,18401,9.255952751635508e-18,1.0040496761455142
empirical,-0.54,9,3600,15297,4.578162273867089e-18,0.9904461867664623
empirical,-0.54,9,4096,14305,4.9226648060675985e-18,0.9894189235528124
raw,0,10,1,57937,2.1833826001040984e-15,1.0
raw,0,10,2,57935,9.146253321255564e-16,1.0
raw,0,10,4,57931,5.197658898192856e-16,1.0
raw,0,10,8,57923,3.417772767695549e-16,1.0
raw,0,10,16,57907,2.2508042643836615e-16,1.0
raw,0,10,32,57875,1.5363786212786986e-16,1.0
raw,0,10,64,57811,9.777440667964992e-17,1.0
raw,0,10,128,57683,6.313999567980779e-17,1.0
raw,0,10,256,57427,3.9934485102911567e-17,1.0
raw,0,10,512,56915,2.74193534689948e-17,1.0
raw,0,10,600,56739,2.5198584465995488e-17,1.0
raw,0,10,1024,55891,1.568100343129799e-17,1.0
raw,0,10,1200,55539,1.3302280864629907e-17,1.0
raw,0,10,2048,53843,9.438435351092332e-18,1.0
raw,0,10,3600,50739,7.027179292530156e-18,1.0
raw,0,10,4096,49747,6.000682064164813e-18,1.0
raw,0,10,7200,43539,4.9991234856050526e-18,1.0
raw,0,10,8192,41555,5.0026593799329375e-18,1.0
theory,-1,10,1,57937,2.1833826001027167e-15,0.9999999999993672
theory,-1,10,2,57935,9.146253321149476e-16,0.999999999988401
theory,-1,10,4,57931,5.197658898965852e-16,1.00000000014872
theory,-1,10,8,57923,3.4177727693256037e-16,1.0000000004769347
theory,-1,10,16,57907,2.250804275711761e-16,1.0000000050329119
theory,-1,10,32,57875,1.5363786491298384e-16,1.000000018127784
theory,-1,10,64,57811,9.77744194950162e-17,1.0000001310707651
theory,-1,10,128,57683,6.313996273585418e-17,0.9999994782395334
theory,-1,10,256,57427,3.99339874503095e-17,0.9999875382742313
theory,-1,10,512,56915,2.74176619260035e-17,0.9999383084290002
theory,-1,10,600,56739,2.5196526487764447e-17,0.999918329609593
theory,-1,10,1024,55891,1.567821615326432e-17,0.9998222512962337
theory,-1,10,1200,55539,1.3297407461134496e-17,0.9996336415126846
theory,-1,10,2048,53843,9.418621643497672e-18,0.997900742352135
theory,-1,10,3600,50739,6.963862953616042e-18,0.9909897931618994
theory,-1,10,4096,49747,5.900777308759682e-18,0.9833511000354864
theory,-1,10,7200,43539,4.570387270370995e-18,0.9142377225790479
theory,-1,10,8192,41555,4.457243017769026e-18,0.8909747154979751
empirical,-0.54,10,1,57937,2.183382600103348e-15,0.9999999999996564
empirical,-0.54,10,2,57935,9.146253321197875e-16,0.9999999999936926
empirical,-0.54,10,4,57931,5.197658898607444e-16,1.0000000000797644
empirical,-0.54,10,8,57923,3.4177727685585592e-16,1.0000000002525067
empirical,-0.54,10,16,57907,2.2508042703962464e-16,1.0000000026713052
empirical,-0.54,10,32,57875,1.536378635705442e-16,1.0000000093900965
empirical,-0.54,10,64,57811,9.77744132147552e-17,1.0000000668386084
empirical,-0.54,10,128,57683,6.313997550437463e-17,0.9999996804650849
empirical,-0.54,10,256,57427,3.993420128529102e-17,0.9999928929189944
empirical,-0.54,10,512,56915,2.7418352164119588e-17,0.9999634818203739
empirical,-0.54,10,600,56739,2.5197341842421314e-17,0.9999506867706854
empirical,-0.54,10,1024,55891,1.567888311737889e-17,0.9998647845510404
empirical,-0.54,10,1200,55539,1.3298652763255337e-17,0.9997272571966048
empirical,-0.54,10,2048,53843,9.423625748036088e-18,0.9984309260480839
empirical,-0.54,10,3600,50739,6.975634418092072e-18,0.9926649268088442
empirical,-0.54,10,4096,49747,5.920230610666183e-18,0.9865929484951262
empirical,-0.54,10,7200,43539,4.665253881064774e-18,0.933214371378972
empirical,-0.54,10,8192,41555,4.5747967365072616e-18,0.9144729610930633
raw,0,11,1,35823,4.284648927874566e-15,1.0
raw,0,11,2,35821,1.6862730153379036e-15,1.0
raw,0,11,4,35817,8.855793063806458e-16,1.0
raw,0,11,8,35809,4.961444743022243e-16,1.0
raw,0,11,16,35793,2.914572194013525e-16,1.0
raw,0,11,32,35761,1.840527131148861e-16,1.0
raw,0,11,64,35697,1.1981680363176735e-16,1.0
raw,0,11,128,35569,7.769649854209051e-17,1.0
raw,0,11,256,35313,5.187861218483015e-17,1.0
raw,0,11,512,34801,3.469737084371485e-17,1.0
raw,0,11,600,34625,3.032705180044279e-17,1.0
raw,0,11,1024,33777,2.024010757933492e-17,1.0
raw,0,11,1200,33425,1.8626167201465547e-17,1.0
raw,0,11,2048,31729,1.2394139174332883e-17,1.0
raw,0,11,3600,28625,1.0149665713468773e-17,1.0
raw,0,11,4096,27633,9.543075065096547e-18,1.0
raw,0,11,7200,21425,6.0625996026268154e-18,1.0
raw,0,11,8192,19441,5.9760131759121194e-18,1.0
theory,-1,11,1,35823,4.284648927873758e-15,0.9999999999998115
theory,-1,11,2,35821,1.6862730152993557e-15,0.9999999999771402
theory,-1,11,4,35817,8.85579306227958e-16,0.9999999998275841
theory,-1,11,8,35809,4.961444740889403e-16,0.9999999995701171
theory,-1,11,16,35793,2.9145722199772153e-16,1.0000000089082337
theory,-1,11,32,35761,1.8405272371334778e-16,1.0000000575838384
theory,-1,11,64,35697,1.1981683653694773e-16,1.0000002746290952
theory,-1,11,128,35569,7.769643908831145e-17,0.9999992347946154
theory,-1,11,256,35313,5.187925230135208e-17,1.0000123387364266
theory,-1,11,512,34801,3.469485910209877e-17,0.9999276100305295
theory,-1,11,600,34625,3.0321941204214286e-17,0.9998314839087514
theory,-1,11,1024,33777,2.0236977326200355e-17,0.9998453440466017
theory,-1,11,1200,33425,1.86299797416542e-17,1.0002046873169028
theory,-1,11,2048,31729,1.2424662011097046e-17,1.0024626830742205
theory,-1,11,3600,28625,1.042621342640402e-17,1.0272469774613624
theory,-1,11,4096,27633,9.927816966949262e-18,1.0403163444935999
theory,-1,11,7200,21425,6.577361613693211e-18,1.0849078027259722
theory,-1,11,8192,19441,6.369190117708049e-18,1.0657925158834543
empirical,-0.54,11,1,35823,4.284648927874127e-15,0.9999999999998976
empirical,-0.54,11,2,35821,1.6862730153170632e-15,0.9999999999876412
empirical,-0.54,11,4,35817,8.855793062980083e-16,0.9999999999066853
empirical,-0.54,11,8,35809,4.961444741857231e-16,0.9999999997651868
empirical,-0.54,11,16,35793,2.9145722079435617e-16,1.0000000047794446
empirical,-0.54,11,32,35761,1.840527187808927e-16,1.0000000307846948
empirical,-0.54,11,64,35697,1.1981682105020034e-16,1.0000001453755438
empirical,-0.54,11,128,35569,7.769646428661623e-17,0.9999995591117371
empirical,-0.54,11,256,35313,5.187894509654124e-17,1.000006417128313
empirical,-0.54,11,512,34801,3.4695939835705116e-17,0.999958757451215
empirical,-0.54,11,600,34625,3.032417568961617e-17,0.9999051635204917
empirical,-0.54,11,1024,33777,2.0237927220244726e-17,0.9998922753210847
empirical,-0.54,11,1200,33425,1.86275063105738e-17,1.0000718939701212
empirical,-0.54,11,2048,31729,1.240772398989524e-17,1.001096067695487
empirical,-0.54,11,3600,28625,1.0290626616903565e-17,1.0138882311412223
empirical,-0.54,11,4096,27633,9.740608580100898e-18,1.0206991471466909
empirical,-0.54,11,7200,21425,6.301951693539833e-18,1.039480108633483
empirical,-0.54,11,8192,19441,6.1375939271016174e-18,1.0270382186975076
raw,0,12,1,40345,1.218228368817145e-14,1.0
raw,0,12,2,40343,4.630293077365205e-15,1.0
raw,0,12,4,40339,2.3950957407643985e-15,1.0
raw,0,12,8,40331,1.1972955268072683e-15,1.0
raw,0,12,16,40315,6.288383858468953e-16,1.0
raw,0,12,32,40283,3.3496185897996255e-16,1.0
raw,0,12,64,40219,1.8269416344705213e-16,1.0
raw,0,12,128,40091,1.049956174641441e-16,1.0
raw,0,12,256,39835,5.913303068872035e-17,1.0
raw,0,12,512,39323,3.4541008345186153e-17,1.0
raw,0,12,600,39147,3.1223250251859965e-17,1.0
raw,0,12,1024,38299,2.1694842913033627e-17,1.0
raw,0,12,1200,37947,2.007325160807374e-17,1.0
raw,0,12,2048,36251,1.6454735265040654e-17,1.0
raw,0,12,3600,33147,1.0651605959996792e-17,1.0
raw,0,12,4096,32155,9.479963370204791e-18,1.0
raw,0,12,7200,25947,5.160364415762713e-18,1.0
raw,0,12,8192,23963,4.843242823763023e-18,1.0
theory,-1,12,1,40345,1.2182283688172945e-14,1.0000000000001228
theory,-1,12,2,40343,4.6302930773399255e-15,0.9999999999945404
theory,-1,12,4,40339,2.3950957407504984e-15,0.9999999999941964
theory,-1,12,8,40331,1.1972955266357717e-15,0.9999999998567634
theory,-1,12,16,40315,6.288383838352825e-16,0.9999999968010655
theory,-1,12,32,40283,3.349618530038275e-16,0.9999999821587596
theory,-1,12,64,40219,1.826941530212163e-16,0.9999999429328468
theory,-1,12,128,40091,1.0499556930890246e-16,0.9999995413595081
theory,-1,12,256,39835,5.9133416328785e-17,1.000006521567729
theory,-1,12,512,39323,3.454089283247049e-17,0.999996655780442
theory,-1,12,600,39147,3.122283803692867e-17,0.99998679782124
theory,-1,12,1024,38299,2.1696190153577683e-17,1.0000620995758973
theory,-1,12,1200,37947,2.0078627931895372e-17,1.0002678352230423
theory,-1,12,2048,36251,1.6470184703032995e-17,1.0009389052903916
theory,-1,12,3600,33147,1.0547392847611716e-17,0.9902162065723742
theory,-1,12,4096,32155,9.336548350561838e-18,0.9848717749170106
theory,-1,12,7200,25947,5.3427300225070915e-18,1.035339676048329
theory,-1,12,8192,23963,5.225373571189526e-18,1.0788997705321743
empirical,-0.54,12,1,40345,1.2182283688172254e-14,1.000000000000066
empirical,-0.54,12,2,40343,4.63029307735153e-15,0.9999999999970465
empirical,-0.54,12,4,40339,2.3950957407567044e-15,0.9999999999967876
empirical,-0.54,12,8,40331,1.197295526713148e-15,0.9999999999213893
empirical,-0.54,12,16,40315,6.288383847491122e-16,0.9999999982542683
empirical,-0.54,12,32,40283,3.3496185566641316e-16,0.9999999901076815
empirical,-0.54,12,64,40219,1.826941571833809e-16,0.99999996571499
empirical,-0.54,12,128,40091,1.0499558705221681e-16,0.9999997103505078
empirical,-0.54,12,256,39835,5.913320766407682e-17,1.000002992834198
empirical,-0.54,12,512,39323,3.4540732324506706e-17,0.9999920088991993
empirical,-0.54,12,600,39147,3.122270333294296e-17,0.9999824836007591
empirical,-0.54,12,1024,38299,2.169421559641273e-17,0.9999710845280875
empirical,-0.54,12,1200,37947,2.007414687475107e-17,1.0000445999828431
empirical,-0.54,12,2048,36251,1.645597661321738e-17,1.0000754401791783
empirical,-0.54,12,3600,33147,1.056117037849595e-17,0.9915096763961714
empirical,-0.54,12,4096,32155,9.35244869087752e-18,0.9865490324859223
empirical,-0.54,12,7200,25947,4.951338047753475e-18,0.9594938746242899
empirical,-0.54,12,8192,23963,4.618018534997755e-18,0.9534972131357484
raw,0,13,1,152993,2.9641431300185097e-15,1.0
raw,0,13,2,152991,1.149592086936606e-15,1.0
raw,0,13,4,152987,6.417728106861077e-16,1.0
raw,0,13,8,152979,3.8536696415350644e-16,1.0
raw,0,13,16,152963,2.488916586821012e-16,1.0
raw,0,13,32,152931,1.7077242496094154e-16,1.0
raw,0,13,64,152867,1.0941769551105808e-16,1.0
raw,0,13,128,152739,6.796149802077758e-17,1.0
raw,0,13,256,152483,4.243054055110373e-17,1.0
raw,0,13,512,151971,2.7897193373858426e-17,1.0
raw,0,13,600,151795,2.535591955209118e-17,1.0
raw,0,13,1024,150947,1.8928572744687706e-17,1.0
raw,0,13,1200,150595,1.7427927535950987e-17,1.0
raw,0,13,2048,148899,1.2651426949551773e-17,1.0
raw,0,13,3600,145795,9.61867050080019e-18,1.0
raw,0,13,4096,144803,9.091713625822664e-18,1.0
raw,0,13,7200,138595,7.171313667052177e-18,1.0
raw,0,13,8192,136611,6.984797440893899e-18,1.0
raw,0,13,16384,120227,6.535861406947932e-18,1.0
raw,0,13,32768,87459,4.018793405269325e-18,1.0
theory,-1,13,1,152993,2.964143130018462e-15,0.9999999999999839
theory,-1,13,2,152991,1.149592086928394e-15,0.9999999999928566
theory,-1,13,4,152987,6.417728106951282e-16,1.0000000000140556
theory,-1,13,8,152979,3.8536696409586556e-16,0.999999999850426
theory,-1,13,16,152963,2.488916586240317e-16,0.9999999997666877
theory,-1,13,32,152931,1.7077242638726929e-16,1.0000000083522134
theory,-1,13,64,152867,1.0941770503354353e-16,1.0000000870287515
theory,-1,13,128,152739,6.796146729121223e-17,0.9999995478386108
theory,-1,13,256,152483,4.243027094088781e-17,0.9999936458453649
theory,-1,13,512,151971,2.789519524509639e-17,0.9999283752764925
theory,-1,13,600,151795,2.535352385899047e-17,0.9999055174041002
theory,-1,13,1024,150947,1.8925187455128927e-17,0.999821154526311
theory,-1,13,1200,150595,1.7422568745225476e-17,0.9996925170411424
theory,-1,13,2048,148899,1.2636463016227635e-17,0.9988172137906809
theory,-1,13,3600,145795,9.603954177517733e-18,0.9984700252200934
theory,-1,13,4096,144803,9.077379000241923e-18,0.9984233307195217
theory,-1,13,7200,138595,7.198462322870153e-18,1.003785729794906
theory,-1,13,8192,136611,7.038620017968956e-18,1.0077056747214945
theory,-1,13,16384,120227,6.799041343231023e-18,1.0402670619672747
theory,-1,13,32768,87459,4.283661488319941e-18,1.0659073648083845
empirical,-0.54,13,1,152993,2.964143130018472e-15,0.9999999999999872
empirical,-0.54,13,2,152991,1.1495920869320395e-15,0.9999999999960277
empirical,-0.54,13,4,152987,6.417728106900312e-16,1.0000000000061136
empirical,-0.54,13,8,152979,3.8536696411606705e-16,0.9999999999028475
empirical,-0.54,13,16,152963,2.4889165861164325e-16,0.9999999997169132
empirical,-0.54,13,32,152931,1.7077242550320497e-16,1.000000003175357
empirical,-0.54,13,64,152867,1.0941769923002511e-16,1.0000000339887165
empirical,-0.54,13,128,152739,6.796147226080582e-17,0.9999996209622725
empirical,-0.54,13,256,152483,4.243033622991112e-17,0.9999951845724813
empirical,-0.54,13,512,151971,2.7895757079589326e-17,0.9999485147394632
empirical,-0.54,13,600,151795,2.5354086052229563e-17,0.999927689474726
empirical,-0.54,13,1024,150947,1.8924640120759327e-17,0.999792238750305
empirical,-0.54,13,1200,150595,1.7421896484044756e-17,0.9996539432532188
empirical,-0.54,13,2048,148899,1.2630812141226693e-17,0.9983705546886306
empirical,-0.54,13,3600,145795,9.560559521766526e-18,0.9939585227471064
empirical,-0.54,13,4096,144803,9.015738097029727e-18,0.9916434313794104
empirical,-0.54,13,7200,138595,6.93620832443287e-18,0.9672158612027426
empirical,-0.54,13,8192,136611,6.692923206749533e-18,0.9582129279174898
empirical,-0.54,13,16384,120227,5.943934506451541e-18,0.9094339883236899
empirical,-0.54,13,32768,87459,3.869633319884995e-18,0.9628843609654689
raw,0,14,1,68617,2.761133036721127e-15,1.0
raw,0,14,2,68615,1.0940463489563044e-15,1.0
raw,0,14,4,68611,6.029581089116779e-16,1.0
raw,0,14,8,68603,3.6907722469498104e-16,1.0
raw,0,14,16,68587,2.364154022976801e-16,1.0
raw,0,14,32,68555,1.6083431930425313e-16,1.0
raw,0,14,64,68491,9.737098965140055e-17,1.0
raw,0,14,128,68363,5.933980970455873e-17,1.0
raw,0,14,256,68107,3.526622394275919e-17,1.0
raw,0,14,512,67595,2.0779028003021065e-17,1.0
raw,0,14,600,67419,1.8821332237786537e-17,1.0
raw,0,14,1024,66571,1.2416586820590177e-17,1.0
raw,0,14,1200,66219,1.0891096049876006e-17,1.0
raw,0,14,2048,64523,7.152552642557932e-18,1.0
raw,0,14,3600,61419,5.325672466063199e-18,1.0
raw,0,14,4096,60427,4.9032147673600155e-18,1.0
raw,0,14,7200,54219,4.288398381464019e-18,1.0
raw,0,14,8192,52235,4.486299214387128e-18,1.0
raw,0,14,16384,35851,6.2535413471287364e-18,1.0
theory,-1,14,1,68617,2.761133036721135e-15,1.0000000000000029
theory,-1,14,2,68615,1.0940463489279086e-15,0.9999999999740451
theory,-1,14,4,68611,6.029581088386489e-16,0.9999999998788821
theory,-1,14,8,68603,3.6907722476257296e-16,1.0000000001831375
theory,-1,14,16,68587,2.3641540401988977e-16,1.0000000072846762
theory,-1,14,32,68555,1.6083430994346626e-16,0.9999999417985731
theory,-1,14,64,68491,9.737101163243611e-17,1.0000002257452207
theory,-1,14,128,68363,5.933990165839772e-17,1.000001549614659
theory,-1,14,256,68107,3.526699429973794e-17,1.0000218440448856
theory,-1,14,512,67595,2.0776218990684887e-17,0.9998648150271625
theory,-1,14,600,67419,1.8816418941708596e-17,0.9997389506749115
theory,-1,14,1024,66571,1.2395118156703034e-17,0.9982709689709943
theory,-1,14,1200,66219,1.0860914874737946e-17,0.9972288211397783
theory,-1,14,2048,64523,7.045046243432311e-18,0.9849695060633383
theory,-1,14,3600,61419,4.967610678550811e-18,0.9327668402827876
theory,-1,14,4096,60427,4.478322471287353e-18,0.9133441392571444
theory,-1,14,7200,54219,3.2495133718268437e-18,0.7577452192577059
theory,-1,14,8192,52235,3.1204717438752812e-18,0.6955558679341383
theory,-1,14,16384,35851,2.6103136279037392e-18,0.41741366739379504
empirical,-0.54,14,1,68617,2.7611330367211156e-15,0.9999999999999959
empirical,-0.54,14,2,68615,1.094046348940818e-15,0.9999999999858448
empirical,-0.54,14,4,68611,6.029581088711336e-16,0.9999999999327577
empirical,-0.54,14,8,68603,3.6907722472423704e-16,1.000000000079268
empirical,-0.54,14,16,68587,2.3641540318245273e-16,1.0000000037424492
empirical,-0.54,14,32,68555,1.6083431398369344e-16,0.9999999669190026
empirical,-0.54,14,64,68491,9.737099976742154e-17,1.000000103891529
empirical,-0.54,14,128,68363,5.933984787533831e-17,1.0000006432575328
empirical,-0.54,14,256,68107,3.526656301210098e-17,1.0000096145632813
empirical,-0.54,14,512,67595,2.0776994205166688e-17,0.9999021225702145
empirical,-0.54,14,600,67419,1.8817898246713546e-17,0.9998175479275534
empirical,-0.54,14,1024,66571,1.2401612717988713e-17,0.9987940242501561
empirical,-0.54,14,1200,66219,1.0869549791203808e-17,0.9980216629645422
empirical,-0.54,14,2048,64523,7.072254390422198e-18,0.9887734832375848
empirical,-0.54,14,3600,61419,5.048294155121819e-18,0.9479167536665241
empirical,-0.54,14,4096,60427,4.558643846799539e-18,0.9297255093017269
empirical,-0.54,14,7200,54219,3.386734203676516e-18,0.7897433732638237
empirical,-0.54,14,8192,52235,3.358629023954264e-18,0.748641332968489
empirical,-0.54,14,16384,35851,3.808666298230836e-18,0.6090415153294788
raw,0,15,1,57648,3.0035071102197943e-15,1.0
raw,0,15,2,57646,1.1942428122277656e-15,1.0
raw,0,15,4,57642,6.594957934171696e-16,1.0
raw,0,15,8,57634,3.8654202970958835e-16,1.0
raw,0,15,16,57618,2.445597398778177e-16,1.0
raw,0,15,32,57586,1.6256235508889138e-16,1.0
raw,0,15,64,57522,1.020910226501942e-16,1.0
raw,0,15,128,57394,6.367506945836514e-17,1.0
raw,0,15,256,57138,4.192570362992351e-17,1.0
raw,0,15,512,56626,2.73856497723557e-17,1.0
raw,0,15,600,56450,2.4550824115258397e-17,1.0
raw,0,15,1024,55602,1.7234013783270246e-17,1.0
raw,0,15,1200,55250,1.563655474429141e-17,1.0
raw,0,15,2048,53554,1.1887866380911015e-17,1.0
raw,0,15,3600,50450,8.859705020214862e-18,1.0
raw,0,15,4096,49458,7.820965791369334e-18,1.0
raw,0,15,7200,43250,4.465236061593339e-18,1.0
raw,0,15,8192,41266,4.027674274110864e-18,1.0
theory,-1,15,1,57648,3.003507110219702e-15,0.9999999999999692
theory,-1,15,2,57646,1.1942428122530076e-15,1.0000000000211364
theory,-1,15,4,57642,6.594957934116309e-16,0.9999999999916016
theory,-1,15,8,57634,3.865420297774871e-16,1.0000000001756568
theory,-1,15,16,57618,2.4455974030834337e-16,1.0000000017604112
theory,-1,15,32,57586,1.625623561582375e-16,1.0000000065780674
theory,-1,15,64,57522,1.0209103047087937e-16,1.0000000766050232
theory,-1,15,128,57394,6.367502758485124e-17,0.9999993423876211
theory,-1,15,256,57138,4.192546657695829e-17,0.9999943458798615
theory,-1,15,512,56626,2.7385759564733172e-17,1.0000040091207762
theory,-1,15,600,56450,2.455152687828259e-17,1.0000286248241972
theory,-1,15,1024,55602,1.7235797669310815e-17,1.0001035096097173
theory,-1,15,1200,55250,1.5638371987585967e-17,1.0001162176274936
theory,-1,15,2048,53554,1.1886290197261005e-17,0.9998674124018974
theory,-1,15,3600,50450,8.847783293153372e-18,0.9986543878115254
theory,-1,15,4096,49458,7.782454158501353e-18,0.9950758469100479
theory,-1,15,7200,43250,4.468181695039983e-18,1.0006596814605122
theory,-1,15,8192,41266,4.015319439261302e-18,0.9969325139003975
empirical,-0.54,15,1,57648,3.003507110219743e-15,0.9999999999999829
empirical,-0.54,15,2,57646,1.194242812241381e-15,1.0000000000114009
empirical,-0.54,15,4,57642,6.59495793414069e-16,0.9999999999952986
empirical,-0.54,15,8,57634,3.8654202974550494e-16,1.0000000000929177
empirical,-0.54,15,16,57618,2.445597401055674e-16,1.0000000009312642
empirical,-0.54,15,32,57586,1.6256235563784662e-16,1.0000000033768903
empirical,-0.54,15,64,57522,1.0209102669184597e-16,1.000000039588709
empirical,-0.54,15,128,57394,6.367504568198647e-17,0.9999996265983081
empirical,-0.54,15,256,57138,4.1925568539827426e-17,0.9999967778693167
empirical,-0.54,15,512,56626,2.7385665636234745e-17,1.000000579277073
empirical,-0.54,15,600,56450,2.4551137068615717e-17,1.000012747163022
empirical,-0.54,15,1024,55602,1.7234700808296546e-17,1.0000398644816546
empirical,-0.54,15,1200,55250,1.5637117932302236e-17,1.0000360173976963
empirical,-0.54,15,2048,53554,1.1885419352830675e-17,0.9997941575046411
empirical,-0.54,15,3600,50450,8.846785821698565e-18,0.998541802634871
empirical,-0.54,15,4096,49458,7.79076187848595e-18,0.9961380840053392
empirical,-0.54,15,7200,43250,4.420146276789509e-18,0.9899020378358809
empirical,-0.54,15,8192,41266,3.955934550075098e-18,0.9821883004549561
raw,0,16,1,147639,2.931058244213416e-15,1.0
raw,0,16,2,147637,1.154671059333023e-15,1.0
raw,0,16,4,147633,6.297734599142208e-16,1.0
raw,0,16,8,147625,3.798824672905663e-16,1.0
raw,0,16,16,147609,2.440282020576973e-16,1.0
raw,0,16,32,147577,1.693466751553996e-16,1.0
raw,0,16,64,147513,1.0920391211798557e-16,1.0
raw,0,16,128,147385,7.1726820163062e-17,1.0
raw,0,16,256,147129,4.5449658282623725e-17,1.0
raw,0,16,512,146617,2.898225388161822e-17,1.0
raw,0,16,600,146441,2.6397932082630336e-17,1.0
raw,0,16,1024,145593,1.7735389808397526e-17,1.0
raw,0,16,1200,145241,1.577910802150109e-17,1.0
raw,0,16,2048,143545,1.0909821481208803e-17,1.0
raw,0,16,3600,140441,7.213225896194286e-18,1.0
raw,0,16,4096,139449,6.785184386983748e-18,1.0
raw,0,16,7200,133241,4.858416169290891e-18,1.0
raw,0,16,8192,131257,4.404752717175844e-18,1.0
raw,0,16,16384,114873,2.4752049299808882e-18,1.0
raw,0,16,32768,82105,1.8090108380451993e-18,1.0
theory,-1,16,1,147639,2.9310582442143275e-15,1.000000000000311
theory,-1,16,2,147637,1.1546710593339118e-15,1.0000000000007698
theory,-1,16,4,147633,6.297734599347578e-16,1.0000000000326101
theory,-1,16,8,147625,3.798824673139504e-16,1.000000000061556
theory,-1,16,16,147609,2.440282025200193e-16,1.0000000018945432
theory,-1,16,32,147577,1.6934667351038482e-16,0.9999999902861112
theory,-1,16,64,147513,1.0920390273044331e-16,0.9999999140365755
theory,-1,16,128,147385,7.172682967428589e-17,1.000000132603451
theory,-1,16,256,147129,4.544955681463686e-17,0.9999977674642517
theory,-1,16,512,146617,2.8981904070376684e-17,0.9999879301574349
theory,-1,16,600,146441,2.6397719701091653e-17,0.9999919546145501
theory,-1,16,1024,145593,1.7736074942114244e-17,1.000038630880072
theory,-1,16,1200,145241,1.577949783137967e-17,1.0000247041770707
theory,-1,16,2048,143545,1.0915126359599322e-17,1.0004862479555376
theory,-1,16,3600,140441,7.270698924539163e-18,1.0079677288874596
theory,-1,16,4096,139449,6.857767685552185e-18,1.010697321462284
theory,-1,16,7200,133241,5.072777954302283e-18,1.0441217420537852
theory,-1,16,8192,131257,4.694338142107448e-18,1.0657438552231089
theory,-1,16,16384,114873,3.396142990578051e-18,1.3720653790893482
theory,-1,16,32768,82105,1.504070764443432e-18,0.8314326994683555
empirical,-0.54,16,1,147639,2.9310582442139063e-15,1.0000000000001672
empirical,-0.54,16,2,147637,1.1546710593334862e-15,1.0000000000004012
empirical,-0.54,16,4,147633,6.297734599251855e-16,1.0000000000174105
empirical,-0.54,16,8,147625,3.7988246730236394e-16,1.000000000031056
empirical,-0.54,16,16,147609,2.440282023021847e-16,1.000000001001882
empirical,-0.54,16,32,147577,1.6934667423732147e-16,0.9999999945787059
empirical,-0.54,16,64,147513,1.092039068641644e-16,0.9999999518898081
empirical,-0.54,16,128,147385,7.172682417662817e-17,1.0000000559562818
empirical,-0.54,16,256,147129,4.5449596422015295e-17,0.9999986389202743
empirical,-0.54,16,512,146617,2.8982020880619626e-17,0.9999919605631935
empirical,-0.54,16,600,146441,2.63977510237273e-17,0.9999931411709649
empirical,-0.54,16,1024,145593,1.7735474682273853e-17,1.0000047855658796
empirical,-0.54,16,1200,145241,1.5778880187977532e-17,0.9999855610644627
empirical,-0.54,16,2048,143545,1.0910876681522499e-17,1.0000967202181552
empirical,-0.54,16,3600,140441,7.236208166945459e-18,1.0031861293520974
empirical,-0.54,16,4096,139449,6.8134659710418526e-18,1.004168137878811
empirical,-0.54,16,7200,133241,4.932083462339006e-18,1.015162820656195
empirical,-0.54,16,8192,131257,4.503975068388575e-18,1.0225262023962944
empirical,-0.54,16,16384,114873,2.7609118353015e-18,1.115427576060467
empirical,-0.54,16,32768,82105,1.3203285524652614e-18,0.729862157095751
raw,0,17,1,65982,3.2140536172178954e-15,1.0
raw,0,17,2,65980,1.259064953060973e-15,1.0
raw,0,17,4,65976,6.922009646329727e-16,1.0
raw,0,17,8,65968,3.962240234510017e-16,1.0
raw,0,17,16,65952,2.477636266247202e-16,1.0
raw,0,17,32,65920,1.616067210638914e-16,1.0
raw,0,17,64,65856,9.689467867330986e-17,1.0
raw,0,17,128,65728,5.994047961168885e-17,1.0
raw,0,17,256,65472,3.545434960815152e-17,1.0
raw,0,17,512,64960,2.0943954809104003e-17,1.0
raw,0,17,600,64784,1.8728581917426537e-17,1.0
raw,0,17,1024,63936,1.2271500521562287e-17,1.0
raw,0,17,1200,63584,1.0899788865631799e-17,1.0
raw,0,17,2048,61888,7.488841982425388e-18,1.0
raw,0,17,3600,58784,5.3245913018221905e-18,1.0
raw,0,17,4096,57792,5.316432194572574e-18,1.0
raw,0,17,7200,51584,6.2936930439588736e-18,1.0
raw,0,17,8192,49600,6.7189408793004356e-18,1.0
raw,0,17,16384,33216,8.812850715804777e-18,1.0
theory,-1,17,1,65982,3.214053617219033e-15,1.000000000000354
theory,-1,17,2,65980,1.2590649530605497e-15,0.9999999999996637
theory,-1,17,4,65976,6.922009646614526e-16,1.000000000041144
theory,-1,17,8,65968,3.9622402354288656e-16,1.0000000002319012
theory,-1,17,16,65952,2.4776362750484626e-16,1.0000000035522811
theory,-1,17,32,65920,1.6160672394053081e-16,1.0000000178002462
theory,-1,17,64,65856,9.68946774024839e-17,0.9999999868844608
theory,-1,17,128,65728,5.994044944431383e-17,0.9999994967111506
theory,-1,17,256,65472,3.545440317142544e-17,1.0000015107673532
theory,-1,17,512,64960,2.0944065105986183e-17,1.0000052662872503
theory,-1,17,600,64784,1.8728658923734223e-17,1.0000041116998621
theory,-1,17,1024,63936,1.2272331647033977e-17,1.0000677281046624
theory,-1,17,1200,63584,1.0900131308495682e-17,1.0000314173850617
theory,-1,17,2048,61888,7.483926646531684e-18,0.9993436453986827
theory,-1,17,3600,58784,5.2671990931530126e-18,0.9892212931630007
theory,-1,17,4096,57792,5.234631681686461e-18,0.9846136450363043
theory,-1,17,7200,51584,6.114470527313894e-18,0.9715234735165532
theory,-1,17,8192,49600,6.517371084604037e-18,0.9699997665826484
theory,-1,17,16384,33216,8.487287456557529e-18,0.9630581216287495
empirical,-0.54,17,1,65982,3.2140536172185044e-15,1.0000000000001894
empirical,-0.54,17,2,65980,1.25906495306069e-15,0.9999999999997752
empirical,-0.54,17,4,65976,6.9220096464795535e-16,1.000000000021645
empirical,-0.54,17,8,65968,3.962240234978487e-16,1.0000000001182336
empirical,-0.54,17,16,65952,2.4776362708226043e-16,1.0000000018466804
empirical,-0.54,17,32,65920,1.6160672250851553e-16,1.000000008939134
empirical,-0.54,17,64,65856,9.689467726086657e-17,0.9999999854229014
empirical,-0.54,17,128,65728,5.994045861791859e-17,0.9999996497563851
empirical,-0.54,17,256,65472,3.5454346622210683e-17,0.9999999157806906
empirical,-0.54,17,512,64960,2.094379694826191e-17,0.9999924627013603
empirical,-0.54,17,600,64784,1.8728288912105133e-17,0.9999843551784809
empirical,-0.54,17,1024,63936,1.2270448216793988e-17,0.9999142480769609
empirical,-0.54,17,1200,63584,1.089764472324051e-17,0.9998032858784954
empirical,-0.54,17,2048,61888,7.476176181887045e-18,0.9983087104030147
empirical,-0.54,17,3600,58784,5.249597252200717e-18,0.9859155294048938
empirical,-0.54,17,4096,57792,5.2153530733314434e-18,0.9809874145777087
empirical,-0.54,17,7200,51584,6.0640891895722865e-18,0.9635184218895173
empirical,-0.54,17,8192,49600,6.460543487275306e-18,0.961541945871083
empirical,-0.54,17,16384,33216,8.508046459209139e-18,0.9654136593907112
