group,t_start_beijing,t_end_beijing,hours,n_jump,n_pts,n_inference_pts,A,u_A,A_over_uA,r,p,tide_rms_hz,noise_std_hz
1,2026-06-29T10:06:28,2026-06-30T04:59:58,18.892,0,112,56,-0.9054,0.3573,-2.53,-0.3021,0.0237,9.391e-04,2.669e-03
2,2026-06-30T12:00:01,2026-06-30T20:11:25,8.190,2,48,24,-0.5407,0.5193,-1.04,-0.4480,0.0281,6.140e-04,2.171e-03
3,2026-07-01T15:58:41,2026-07-02T03:53:34,11.915,3,70,35,-0.9971,0.3470,-2.87,-0.4397,0.0082,1.109e-03,2.838e-03
4,2026-07-02T14:00:01,2026-07-03T07:51:20,17.856,2,106,53,-0.2759,0.3452,-0.80,-0.0646,0.6461,9.640e-04,2.403e-03
5,2026-07-03T17:34:22,2026-07-03T22:59:59,5.427,0,31,16,-1.8465,1.0517,-1.76,-0.4523,0.0786,7.435e-04,3.532e-03
6,2026-07-04T19:30:46,2026-07-05T09:59:59,14.487,0,85,43,-0.1607,0.3675,-0.44,0.1279,0.4137,7.804e-04,1.943e-03
7,2026-07-05T13:00:01,2026-07-05T23:59:59,11.000,0,64,32,-0.6065,0.6517,-0.93,0.0769,0.6756,6.796e-04,2.568e-03
8,2026-07-06T21:45:16,2026-07-07T09:51:57,12.112,1,71,36,0.3807,0.9406,0.40,-0.0295,0.8643,6.871e-04,5.377e-03
9,2026-08-07T15:15:00,2026-08-07T21:29:59,6.250,0,36,18,2.5602,3.2572,0.79,0.1569,0.5342,1.658e-04,2.843e-03
10,2026-08-07T22:15:00,2026-08-08T14:20:53,16.098,2,95,48,-0.8984,0.6135,-1.46,-0.1809,0.2186,7.629e-04,2.888e-03
11,2026-08-09T00:00:00,2026-08-09T09:57:15,9.954,2,58,29,-0.8551,2.1800,-0.39,-0.0781,0.6872,3.862e-04,4.187e-03
12,2026-08-10T12:47:06,2026-08-10T23:59:59,11.215,0,66,33,-0.2227,0.5793,-0.38,-0.1480,0.4112,1.269e-03,4.130e-03
13,2026-08-11T05:30:00,2026-08-12T23:59:59,42.500,0,254,127,-0.3182,0.3173,-1.00,-0.0365,0.6841,1.193e-03,4.030e-03
14,2026-08-13T18:56:58,2026-08-14T14:00:35,19.061,3,113,57,-1.0820,0.2817,-3.84,-0.5059,0.0001,9.178e-04,2.479e-03
15,2026-08-21T00:40:03,2026-08-21T16:40:55,16.015,0,95,48,0.1484,0.8700,0.17,0.0838,0.5713,4.996e-04,3.415e-03
16,2026-08-21T23:20:01,2026-08-23T16:20:50,41.014,0,245,123,-0.0426,0.5427,-0.08,0.0216,0.8125,5.382e-04,3.288e-03
17,2026-08-25T15:09:41,2026-08-26T09:29:53,18.337,0,109,55,-0.1199,0.5137,-0.23,-0.0515,0.7089,7.309e-04,2.619e-03
