group,n_window,n_excluded,n_plausible,n_jump_valid,n_longest_span,n_removed_start,n_removed_end,n_final,source_span_start,source_span_stop,retained_start_beijing,retained_end_beijing
1,68011,0,68011,68011,68011,1,1,68009,0,68011,2026-06-29T10:06:29,2026-06-30T04:59:57
2,29491,1,29490,29488,29485,4,0,29481,1,29486,2026-06-30T12:00:05,2026-06-30T20:11:25
3,42899,0,42899,42896,42894,2,1,42891,0,42894,2026-07-01T15:58:43,2026-07-02T03:53:33
4,64286,1,64285,64283,64280,0,0,64280,1,64281,2026-07-02T14:00:01,2026-07-03T07:51:20
5,19538,0,19538,19538,19538,0,6,19532,0,19538,2026-07-03T17:34:22,2026-07-03T22:59:53
6,52154,0,52154,52154,52154,1,13,52140,0,52154,2026-07-04T19:30:47,2026-07-05T09:59:46
7,39600,1,39599,39599,39599,31,42,39526,1,39600,2026-07-05T13:00:32,2026-07-05T23:59:17
8,43607,0,43607,43606,43602,33,4,43565,0,43602,2026-07-06T21:45:49,2026-07-07T09:51:53
9,22500,0,22500,22500,22500,3,1,22496,0,22500,2026-08-07T15:15:03,2026-08-07T21:29:58
10,57959,0,57959,57957,57954,2,14,57938,0,57954,2026-08-07T22:15:02,2026-08-08T14:20:39
11,35841,0,35841,35839,35836,5,7,35824,0,35836,2026-08-09T00:00:05,2026-08-09T09:57:08
12,40374,0,40374,40374,40374,21,7,40346,0,40374,2026-08-10T12:47:27,2026-08-10T23:59:52
13,153000,0,153000,153000,153000,6,0,152994,0,153000,2026-08-11T05:30:06,2026-08-12T23:59:59
14,68624,0,68624,68621,68618,0,0,68618,0,68618,2026-08-13T18:56:58,2026-08-14T14:00:35
15,57653,0,57653,57653,57653,0,4,57649,0,57653,2026-08-21T00:40:03,2026-08-21T16:40:51
16,147650,0,147650,147650,147650,2,8,147640,0,147650,2026-08-21T23:20:03,2026-08-23T16:20:42
17,66013,0,66013,66013,66013,30,0,65983,0,66013,2026-08-25T15:10:11,2026-08-26T09:29:53
